Epoch,Domain,Metric,Value,Stage
1,Baby,HR@10,0.10742308486475326,Val
1,Baby,NDCG@10,0.046584264583457886,Val
1,Tools,HR@10,0.10463920643561363,Val
1,Tools,NDCG@10,0.047766203062161026,Val
1,Toys,HR@10,0.10698598619535662,Val
1,Toys,NDCG@10,0.04870978857220916,Val
1,Overall,HR@10,0.10643478892947356,Val
1,Overall,NDCG@10,0.04767804258468049,Val
2,Baby,HR@10,0.1473260375800124,Val
2,Baby,NDCG@10,0.06212561877298952,Val
2,Tools,HR@10,0.11443779108449767,Val
2,Tools,NDCG@10,0.05149395019191102,Val
2,Toys,HR@10,0.11718259778289061,Val
2,Toys,NDCG@10,0.05261256783589568,Val
2,Overall,HR@10,0.12696941612604262,Val
2,Overall,NDCG@10,0.05562539229655067,Val
3,Baby,HR@10,0.1830476977080322,Val
3,Baby,NDCG@10,0.08260968591410464,Val
3,Tools,HR@10,0.12145406157382205,Val
3,Tools,NDCG@10,0.053907494689324646,Val
3,Toys,HR@10,0.12309140347207698,Val
3,Toys,NDCG@10,0.05556778738651906,Val
3,Overall,HR@10,0.1437060459030693,Val
3,Overall,NDCG@10,0.0645885953080454,Val
4,Baby,HR@10,0.20973570101176955,Val
4,Baby,NDCG@10,0.10078628891960598,Val
4,Tools,HR@10,0.12816790661102037,Val
4,Tools,NDCG@10,0.05673321683236757,Val
4,Toys,HR@10,0.12999372516209998,Val
4,Toys,NDCG@10,0.058076738021097626,Val
4,Overall,HR@10,0.15751694561049628,Val
4,Overall,NDCG@10,0.07270824112296445,Val
5,Baby,HR@10,0.24705760892009085,Val
5,Baby,NDCG@10,0.1263376992762022,Val
5,Tools,HR@10,0.13119216113228088,Val
5,Tools,NDCG@10,0.05877188555497032,Val
5,Toys,HR@10,0.14390294917381302,Val
5,Toys,NDCG@10,0.06757610493224142,Val
5,Overall,HR@10,0.17639789928946556,Val
5,Overall,NDCG@10,0.08561694606449505,Val
6,Baby,HR@10,0.3024984513731158,Val
6,Baby,NDCG@10,0.16039340321196596,Val
6,Tools,HR@10,0.15635395874916833,Val
6,Tools,NDCG@10,0.07299076694486378,Val
6,Toys,HR@10,0.16162936624137209,Val
6,Toys,NDCG@10,0.07665537402473208,Val
6,Overall,HR@10,0.20963491976957604,Val
6,Overall,NDCG@10,0.10503288683731511,Val
7,Baby,HR@10,0.3565971505265331,Val
7,Baby,NDCG@10,0.20169377393045115,Val
7,Tools,HR@10,0.17014455936611625,Val
7,Tools,NDCG@10,0.08315085621294949,Val
7,Toys,HR@10,0.18265007320644217,Val
7,Toys,NDCG@10,0.08866659161478013,Val
7,Overall,HR@10,0.24012793254465828,Val
7,Overall,NDCG@10,0.12679868419179793,Val
8,Baby,HR@10,0.42184596324592194,Val
8,Baby,NDCG@10,0.24522818746210542,Val
8,Tools,HR@10,0.20202020202020202,Val
8,Tools,NDCG@10,0.0993228281730903,Val
8,Toys,HR@10,0.21517464965488392,Val
8,Toys,NDCG@10,0.1073524733835759,Val
8,Overall,HR@10,0.283977539115739,Val
8,Overall,NDCG@10,0.15347677527647446,Val
9,Baby,HR@10,0.484926698327483,Val
9,Baby,NDCG@10,0.2871129906163881,Val
9,Tools,HR@10,0.2458718925784794,Val
9,Tools,NDCG@10,0.12491544366986351,Val
9,Toys,HR@10,0.2424179042041414,Val
9,Toys,NDCG@10,0.1257400955559258,Val
9,Overall,HR@10,0.32882661869196245,Val
9,Overall,NDCG@10,0.18230084994868248,Val
10,Baby,HR@10,0.5397480900268429,Val
10,Baby,NDCG@10,0.32384566051984537,Val
10,Tools,HR@10,0.2799249984878727,Val
10,Tools,NDCG@10,0.1484098662067807,Val
10,Toys,HR@10,0.2848776406609496,Val
10,Toys,NDCG@10,0.15040642668921256,Val
10,Overall,HR@10,0.3731123589380145,Val
10,Overall,NDCG@10,0.21086283518856697,Val
11,Baby,HR@10,0.5870328308899443,Val
11,Baby,NDCG@10,0.35295555445756616,Val
11,Tools,HR@10,0.32589366721103247,Val
11,Tools,NDCG@10,0.1757319689348421,Val
11,Toys,HR@10,0.3211671198494039,Val
11,Toys,NDCG@10,0.17457415586201114,Val
11,Overall,HR@10,0.41618055934143816,Val
11,Overall,NDCG@10,0.2377180722901891,Val
12,Baby,HR@10,0.6191410282882511,Val
12,Baby,NDCG@10,0.37531776426703534,Val
12,Tools,HR@10,0.3612169600193552,Val
12,Tools,NDCG@10,0.20053073014297093,Val
12,Toys,HR@10,0.349194729136164,Val
12,Toys,NDCG@10,0.19076536060737173,Val
12,Overall,HR@10,0.44783659524977737,Val
12,Overall,NDCG@10,0.25866773968435053,Val
13,Baby,HR@10,0.6435577121618832,Val
13,Baby,NDCG@10,0.3893932005305166,Val
13,Tools,HR@10,0.3849876005564628,Val
13,Tools,NDCG@10,0.2192743784134282,Val
13,Toys,HR@10,0.3782158544237607,Val
13,Toys,NDCG@10,0.20999058689451588,Val
13,Overall,HR@10,0.47365934325537445,Val
13,Overall,NDCG@10,0.2759353861192662,Val
14,Baby,HR@10,0.6654449721247161,Val
14,Baby,NDCG@10,0.4030821598979601,Val
14,Tools,HR@10,0.41293171233290993,Val
14,Tools,NDCG@10,0.23592201360901383,Val
14,Toys,HR@10,0.39620372307048735,Val
14,Toys,NDCG@10,0.22110860585896108,Val
14,Overall,HR@10,0.4960111940976576,Val
14,Overall,NDCG@10,0.28961978649417364,Val
15,Baby,HR@10,0.6810861036547594,Val
15,Baby,NDCG@10,0.4105481140755313,Val
15,Tools,HR@10,0.43549265106151336,Val
15,Tools,NDCG@10,0.25229265701196596,Val
15,Toys,HR@10,0.4157080108763857,Val
15,Toys,NDCG@10,0.23223774796819727,Val
15,Overall,HR@10,0.5150738701411983,Val
15,Overall,NDCG@10,0.30103413211931584,Val
16,Baby,HR@10,0.6938364650010325,Val
16,Baby,NDCG@10,0.41815980589852014,Val
16,Tools,HR@10,0.4481340349603823,Val
16,Tools,NDCG@10,0.2617359735727551,Val
16,Toys,HR@10,0.42763020288642545,Val
16,Toys,NDCG@10,0.2376232423822374,Val
16,Overall,HR@10,0.5275036798778826,Val
16,Overall,NDCG@10,0.3084224590354613,Val
17,Baby,HR@10,0.6999793516415445,Val
17,Baby,NDCG@10,0.41939213098004596,Val
17,Tools,HR@10,0.46041250831669994,Val
17,Tools,NDCG@10,0.26994983506889747,Val
17,Toys,HR@10,0.4458272327964861,Val
17,Toys,NDCG@10,0.24526865226643188,Val
17,Overall,HR@10,0.539679078304167,Val
17,Overall,NDCG@10,0.313981040732755,Val
18,Baby,HR@10,0.7059673755936403,Val
18,Baby,NDCG@10,0.42165777735241683,Val
18,Tools,HR@10,0.4719046754974899,Val
18,Tools,NDCG@10,0.2778228828444462,Val
18,Toys,HR@10,0.4513700062748379,Val
18,Toys,NDCG@10,0.24886604348585856,Val
18,Overall,HR@10,0.547166039724509,Val
18,Overall,NDCG@10,0.31839419943233216,Val
19,Baby,HR@10,0.7056576502168078,Val
19,Baby,NDCG@10,0.4229208959149203,Val
19,Tools,HR@10,0.4893243815399504,Val
19,Tools,NDCG@10,0.28628789014212686,Val
19,Toys,HR@10,0.4569127797531897,Val
19,Toys,NDCG@10,0.25062236571620083,Val
19,Overall,HR@10,0.5542168674698795,Val
19,Overall,NDCG@10,0.32199246588780905,Val
20,Baby,HR@10,0.7074127606855255,Val
20,Baby,NDCG@10,0.4214666797484706,Val
20,Tools,HR@10,0.49791326438033023,Val
20,Tools,NDCG@10,0.29025599159050225,Val
20,Toys,HR@10,0.4694624555532315,Val
20,Toys,NDCG@10,0.2573652596720561,Val
20,Overall,HR@10,0.5617765178360501,Val
20,Overall,NDCG@10,0.3250160470846562,Val
21,Baby,HR@10,0.7079805905430518,Val
21,Baby,NDCG@10,0.42201666078734135,Val
21,Tools,HR@10,0.500998003992016,Val
21,Tools,NDCG@10,0.29327243508107315,Val
21,Toys,HR@10,0.4651746496548839,Val
21,Toys,NDCG@10,0.2549452903425462,Val
21,Overall,HR@10,0.5614130731069072,Val
21,Overall,NDCG@10,0.3252749214864637,Val
22,Baby,HR@10,0.7104067726615734,Val
22,Baby,NDCG@10,0.4235862951373347,Val
22,Tools,HR@10,0.5060182664973084,Val
22,Tools,NDCG@10,0.2938709229866008,Val
22,Toys,HR@10,0.4658544237607195,Val
22,Toys,NDCG@10,0.25453497144854215,Val
22,Overall,HR@10,0.5640117029202784,Val
22,Overall,NDCG@10,0.32586469812498575,Val
23,Baby,HR@10,0.7043671278133389,Val
23,Baby,NDCG@10,0.4195913402550003,Val
23,Tools,HR@10,0.5094054315611202,Val
23,Tools,NDCG@10,0.29571488117304984,Val
23,Toys,HR@10,0.4713971972390713,Val
23,Toys,NDCG@10,0.2573877071556331,Val
23,Overall,HR@10,0.5648294535608497,Val
23,Overall,NDCG@10,0.3260037450344041,Val
24,Baby,HR@10,0.705606029320669,Val
24,Baby,NDCG@10,0.42086678482778495,Val
24,Tools,HR@10,0.512248230811105,Val
24,Tools,NDCG@10,0.2980229497612994,Val
24,Toys,HR@10,0.4676845848148923,Val
24,Toys,NDCG@10,0.2544476483340205,Val
24,Overall,HR@10,0.5648294535608497,Val
24,Overall,NDCG@10,0.3261244364031187,Val
25,Baby,HR@10,0.7044187487094776,Val
25,Baby,NDCG@10,0.4201511516736234,Val
25,Tools,HR@10,0.5146676344281135,Val
25,Tools,NDCG@10,0.29618771520567144,Val
25,Toys,HR@10,0.46731855260405775,Val
25,Toys,NDCG@10,0.2532925902913305,Val
25,Overall,HR@10,0.5650111759254212,Val
25,Overall,NDCG@10,0.3249197169210453,Val
26,Baby,HR@10,0.7068449308279992,Val
26,Baby,NDCG@10,0.4194319520091041,Val
26,Tools,HR@10,0.5153329704227908,Val
26,Tools,NDCG@10,0.2966194998116206,Val
26,Toys,HR@10,0.4671616816565572,Val
26,Toys,NDCG@10,0.2525981240186183,Val
26,Overall,HR@10,0.5660106489305639,Val
26,Overall,NDCG@10,0.3245549162884651,Val
27,Baby,HR@10,0.7064319636588892,Val
27,Baby,NDCG@10,0.42201444829812823,Val
27,Tools,HR@10,0.5109175588217504,Val
27,Tools,NDCG@10,0.2957985264518282,Val
27,Toys,HR@10,0.4673708429198912,Val
27,Toys,NDCG@10,0.2509081758029662,Val
27,Overall,HR@10,0.5646113867233641,Val
27,Overall,NDCG@10,0.3246300838524295,Val
28,Baby,HR@10,0.7083935577121618,Val
28,Baby,NDCG@10,0.4214536246292245,Val
28,Tools,HR@10,0.5106151333696244,Val
28,Tools,NDCG@10,0.2962828557254746,Val
28,Toys,HR@10,0.4657498431290525,Val
28,Toys,NDCG@10,0.24901221604569052,Val
28,Overall,HR@10,0.5646477311962783,Val
28,Overall,NDCG@10,0.3239192732865288,Val
29,Baby,HR@10,0.7066900681395829,Val
29,Baby,NDCG@10,0.4196470284633715,Val
29,Tools,HR@10,0.5178733442206496,Val
29,Tools,NDCG@10,0.29922988804453554,Val
29,Toys,HR@10,0.4666387784982221,Val
29,Toys,NDCG@10,0.2504887400448675,Val
29,Overall,HR@10,0.566537643787821,Val
29,Overall,NDCG@10,0.3246818339248539,Val
30,Baby,HR@10,0.7095808383233533,Val
30,Baby,NDCG@10,0.42432410529841885,Val
30,Tools,HR@10,0.5144256940664126,Val
30,Tools,NDCG@10,0.29876543741087935,Val
30,Toys,HR@10,0.4706128425015687,Val
30,Toys,NDCG@10,0.25231921551081843,Val
30,Overall,HR@10,0.5679005615221066,Val
30,Overall,NDCG@10,0.32682491453567986,Val
31,Baby,HR@10,0.705193062151559,Val
31,Baby,NDCG@10,0.4217710211807017,Val
31,Tools,HR@10,0.5080747595717655,Val
31,Tools,NDCG@10,0.2940579599843849,Val
31,Toys,HR@10,0.4697239071323991,Val
31,Toys,NDCG@10,0.253805037570692,Val
31,Overall,HR@10,0.5641389085754784,Val
31,Overall,NDCG@10,0.3250281853792782,Val
32,Baby,HR@10,0.7044187487094776,Val
32,Baby,NDCG@10,0.4199400147483668,Val
32,Tools,HR@10,0.5126716264440815,Val
32,Tools,NDCG@10,0.29723794525720637,Val
32,Toys,HR@10,0.47197239071323993,Val
32,Toys,NDCG@10,0.2530037971762883,Val
32,Overall,HR@10,0.566028821167021,Val
32,Overall,NDCG@10,0.3250605595566355,Val
33,Baby,HR@10,0.7036444352673963,Val
33,Baby,NDCG@10,0.41846186710656513,Val
33,Tools,HR@10,0.5100707675557975,Val
33,Tools,NDCG@10,0.29458644433262926,Val
33,Toys,HR@10,0.4742208742940807,Val
33,Toys,NDCG@10,0.2558850271334051,Val
33,Overall,HR@10,0.5657562376201639,Val
33,Overall,NDCG@10,0.32474488419994874,Val
34,Baby,HR@10,0.699463142680157,Val
34,Baby,NDCG@10,0.41644044691681137,Val
34,Tools,HR@10,0.512248230811105,Val
34,Tools,NDCG@10,0.29690735588309936,Val
34,Toys,HR@10,0.4700899393432336,Val
34,Toys,NDCG@10,0.2560713157165814,Val
34,Overall,HR@10,0.5635028802994785,Val
34,Overall,NDCG@10,0.3247953169102047,Val
35,Baby,HR@10,0.7029217427214537,Val
35,Baby,NDCG@10,0.4172576662511609,Val
35,Tools,HR@10,0.50789330430049,Val
35,Tools,NDCG@10,0.291978545524483,Val
35,Toys,HR@10,0.47233842292407446,Val
35,Toys,NDCG@10,0.2559096438366214,Val
35,Overall,HR@10,0.5641934252848498,Val
35,Overall,NDCG@10,0.3235459999728382,Val
36,Baby,HR@10,0.7061222382820566,Val
36,Baby,NDCG@10,0.4192083495290676,Val
36,Tools,HR@10,0.5075303937579386,Val
36,Tools,NDCG@10,0.2932982738192807,Val
36,Toys,HR@10,0.47490064839991636,Val
36,Toys,NDCG@10,0.2602804052472475,Val
36,Overall,HR@10,0.5661015101128496,Val
36,Overall,NDCG@10,0.32614815784549284,Val
37,Baby,HR@10,0.7084451786083006,Val
37,Baby,NDCG@10,0.4181522700437109,Val
37,Tools,HR@10,0.5071069981249622,Val
37,Tools,NDCG@10,0.291504845022067,Val
37,Toys,HR@10,0.4772014222965907,Val
37,Toys,NDCG@10,0.2618650416313655,Val
37,Overall,HR@10,0.5675916335023351,Val
37,Overall,NDCG@10,0.32578826499109265,Val
38,Baby,HR@10,0.7047284740863101,Val
38,Baby,NDCG@10,0.4178053328903241,Val
38,Tools,HR@10,0.5068045726728362,Val
38,Tools,NDCG@10,0.2918957911296022,Val
38,Toys,HR@10,0.4760510353482535,Val
38,Toys,NDCG@10,0.2625893276906794,Val
38,Overall,HR@10,0.5657925820930781,Val
38,Overall,NDCG@10,0.3260352964119578,Val
39,Baby,HR@10,0.7048317158785876,Val
39,Baby,NDCG@10,0.41574327431514646,Val
39,Tools,HR@10,0.511099014093026,Val
39,Tools,NDCG@10,0.2954706022042694,Val
39,Toys,HR@10,0.4815415185107718,Val
39,Toys,NDCG@10,0.26655541980066066,Val
39,Overall,HR@10,0.5690272401824492,Val
39,Overall,NDCG@10,0.327761726081594,Val
40,Baby,HR@10,0.703696056163535,Val
40,Baby,NDCG@10,0.41621290369959635,Val
40,Tools,HR@10,0.5084981552047421,Val
40,Tools,NDCG@10,0.2910144164842056,Val
40,Toys,HR@10,0.4811754862999372,Val
40,Toys,NDCG@10,0.2664165605380157,Val
40,Overall,HR@10,0.5677188391575351,Val
40,Overall,NDCG@10,0.32653997023262216,Val
41,Baby,HR@10,0.7008052859797647,Val
41,Baby,NDCG@10,0.41875383398779925,Val
41,Tools,HR@10,0.5057158410451824,Val
41,Tools,NDCG@10,0.28977566418209477,Val
41,Toys,HR@10,0.47850868019242837,Val
41,Toys,NDCG@10,0.26544734289531513,Val
41,Overall,HR@10,0.5649384869795926,Val
41,Overall,NDCG@10,0.3267254595479515,Val
42,Baby,HR@10,0.7010117695643197,Val
42,Baby,NDCG@10,0.4166716061617815,Val
42,Tools,HR@10,0.5033569225185992,Val
42,Tools,NDCG@10,0.2890074244360526,Val
42,Toys,HR@10,0.4747437774524158,Val
42,Toys,NDCG@10,0.26369847420054515,Val
42,Overall,HR@10,0.5629940576786785,Val
42,Overall,NDCG@10,0.3251538592992516,Val
43,Baby,HR@10,0.7025603964484823,Val
43,Baby,NDCG@10,0.4197053600907352,Val
43,Tools,HR@10,0.5010584890824412,Val
43,Tools,NDCG@10,0.28832039743496435,Val
43,Toys,HR@10,0.4764170675590881,Val
43,Toys,NDCG@10,0.26660127296497377,Val
43,Overall,HR@10,0.5634301913536499,Val
43,Overall,NDCG@10,0.32702422560199434,Val
44,Baby,HR@10,0.70390253974809,Val
44,Baby,NDCG@10,0.4181662230159569,Val
44,Tools,HR@10,0.4994858767313857,Val
44,Tools,NDCG@10,0.28732796765148944,Val
44,Toys,HR@10,0.4792407446140975,Val
44,Toys,NDCG@10,0.26891254650623037,Val
44,Overall,HR@10,0.5644114921223355,Val
44,Overall,NDCG@10,0.32698745935474643,Val
45,Baby,HR@10,0.7024055337600661,Val
45,Baby,NDCG@10,0.41545354390307543,Val
45,Tools,HR@10,0.49603822657714874,Val
45,Tools,NDCG@10,0.2849597293585563,Val
45,Toys,HR@10,0.47767203513909223,Val
45,Toys,NDCG@10,0.2687281355360986,Val
45,Overall,HR@10,0.5623035126933071,Val
45,Overall,NDCG@10,0.3252569031232212,Val
46,Baby,HR@10,0.7019409456948172,Val
46,Baby,NDCG@10,0.4151156883453727,Val
46,Tools,HR@10,0.5028125567047723,Val
46,Tools,NDCG@10,0.28778946098709135,Val
46,Toys,HR@10,0.4849403890399498,Val
46,Toys,NDCG@10,0.2721014973712433,Val
46,Overall,HR@10,0.5667011939159352,Val
46,Overall,NDCG@10,0.3271604664604808,Val
47,Baby,HR@10,0.6979661366921329,Val
47,Baby,NDCG@10,0.4127795723767352,Val
47,Tools,HR@10,0.49736889856650335,Val
47,Tools,NDCG@10,0.284388817344082,Val
47,Toys,HR@10,0.48342396988077807,Val
47,Toys,NDCG@10,0.2719177273811018,Val
47,Overall,HR@10,0.5631394355703356,Val
47,Overall,NDCG@10,0.325252517975395,Val
48,Baby,HR@10,0.7024055337600661,Val
48,Baby,NDCG@10,0.41634691896287734,Val
48,Tools,HR@10,0.5010584890824412,Val
48,Tools,NDCG@10,0.2878467710646057,Val
48,Toys,HR@10,0.48258732482744193,Val
48,Toys,NDCG@10,0.2758907632797242,Val
48,Overall,HR@10,0.565519998546221,Val
48,Overall,NDCG@10,0.32892798591872346,Val
49,Baby,HR@10,0.7020958083832335,Val
49,Baby,NDCG@10,0.4162622541309039,Val
49,Tools,HR@10,0.4993649065505353,Val
49,Tools,NDCG@10,0.28657895738682687,Val
49,Toys,HR@10,0.48269190545910895,Val
49,Toys,NDCG@10,0.2747879120890328,Val
49,Overall,HR@10,0.5649384869795926,Val
49,Overall,NDCG@10,0.32813400789203767,Val
50,Baby,HR@10,0.7023022919677886,Val
50,Baby,NDCG@10,0.4151036324026667,Val
50,Tools,HR@10,0.4959777414867235,Val
50,Tools,NDCG@10,0.2814279799450718,Val
50,Toys,HR@10,0.48535871156661786,Val
50,Toys,NDCG@10,0.2754745879739249,Val
50,Overall,HR@10,0.5649203147431354,Val
50,Overall,NDCG@10,0.32641720510548383,Val
51,Baby,HR@10,0.7028185009291761,Val
51,Baby,NDCG@10,0.4178359594775031,Val
51,Tools,HR@10,0.4924696062420613,Val
51,Tools,NDCG@10,0.27979570409309584,Val
51,Toys,HR@10,0.48263961514327547,Val
51,Toys,NDCG@10,0.2746067973130215,Val
51,Overall,HR@10,0.5631030910974214,Val
51,Overall,NDCG@10,0.32658708998134744,Val
52,Baby,HR@10,0.700495560602932,Val
52,Baby,NDCG@10,0.41484073759131096,Val
52,Tools,HR@10,0.49180427024738405,Val
52,Tools,NDCG@10,0.2780762123953021,Val
52,Toys,HR@10,0.48227358293244094,Val
52,Toys,NDCG@10,0.272245065610754,Val
52,Overall,HR@10,0.5619582402006215,Val
52,Overall,NDCG@10,0.3241953047100704,Val
53,Baby,HR@10,0.6973983068346067,Val
53,Baby,NDCG@10,0.4129101987211241,Val
53,Tools,HR@10,0.49077602371015544,Val
53,Tools,NDCG@10,0.27819011814221695,Val
53,Toys,HR@10,0.4822212926166074,Val
53,Toys,NDCG@10,0.27288757945942144,Val
53,Overall,HR@10,0.5605408057569645,Val
53,Overall,NDCG@10,0.3237732043550285,Val
54,Baby,HR@10,0.6985339665496593,Val
54,Baby,NDCG@10,0.41609189576705363,Val
54,Tools,HR@10,0.4953728905824714,Val
54,Tools,NDCG@10,0.2806796311429306,Val
54,Toys,HR@10,0.4856724534616189,Val
54,Toys,NDCG@10,0.2732038282003546,Val
54,Overall,HR@10,0.5635210525359357,Val
54,Overall,NDCG@10,0.32575112317121907,Val
55,Baby,HR@10,0.6987404501342144,Val
55,Baby,NDCG@10,0.41841782033720537,Val
55,Tools,HR@10,0.4910784491622815,Val
55,Tools,NDCG@10,0.277104620548039,Val
55,Toys,HR@10,0.48227358293244094,Val
55,Toys,NDCG@10,0.27339822550284265,Val
55,Overall,HR@10,0.561122317323593,Val
55,Overall,NDCG@10,0.3255634005998553,Val
56,Baby,HR@10,0.699463142680157,Val
56,Baby,NDCG@10,0.41387102944781273,Val
56,Tools,HR@10,0.4852113953910361,Val
56,Tools,NDCG@10,0.2750355850314948,Val
56,Toys,HR@10,0.48520184061911736,Val
56,Toys,NDCG@10,0.27521323094410916,Val
56,Overall,HR@10,0.5606316669392503,Val
56,Overall,NDCG@10,0.3239719191401602,Val
57,Baby,HR@10,0.701579599421846,Val
57,Baby,NDCG@10,0.4163970361637387,Val
57,Tools,HR@10,0.4965221073005504,Val
57,Tools,NDCG@10,0.2816892176611168,Val
57,Toys,HR@10,0.48499267935578333,Val
57,Toys,NDCG@10,0.2746408643270334,Val
57,Overall,HR@10,0.5647022479056497,Val
57,Overall,NDCG@10,0.3266612715031234,Val
58,Baby,HR@10,0.7000309725376832,Val
58,Baby,NDCG@10,0.4149606150661098,Val
58,Tools,HR@10,0.4862396419282647,Val
58,Tools,NDCG@10,0.27698355306752565,Val
58,Toys,HR@10,0.4842606149341142,Val
58,Toys,NDCG@10,0.2753530444718097,Val
58,Overall,HR@10,0.5608133893038216,Val
58,Overall,NDCG@10,0.3249893281797773,Val
Final,Baby,HR@10,0.6470679330993186,Test
Final,Baby,NDCG@10,0.3668798033346876,Test
Final,Tools,HR@10,0.45829553015181757,Test
Final,Tools,NDCG@10,0.25785346157691763,Test
Final,Toys,HR@10,0.43500313741895,Test
Final,Toys,NDCG@10,0.23769292922281643,Test
Final,Overall,HR@10,0.5166548547129696,Test
Final,Overall,NDCG@10,0.2892279781371257,Test
